Listed in in chronological order:

Aleksandar Erkalovic <aerkalov@gmail.com>
Borko Jandras <bjandras@gmail.com>
the-happy-hippo <th3hh0@gmail.com>
Daniel James <daniel@64studio.com>
Mikhail Gusarov <dottedmag@dottedmag.net>
Raymond Yee <raymond.yee@gmail.com>
Chris Grice <chris@chrisgrice.com>
Fernando Wime <fernando.d@wime.com.mx>
Andy Roberts <andy.roberts.uk@gmail.com>
Tom McLean <tom.a.mclean@gmail.com>
Travis L <leleu@industrialinterface.com>
Helmy Giacoman <helmygb@gmail.com>
clach04 <Chris.Clark@actian.com>
Edward Betts <edward@4angle.com>
Kennyl <Kennyl@users.noreply.github.com>
Oleg Pshenichniy <olegpshenichniy@gmail.com>
clach04 <Chris.Clark@actian.com>
Olivier Le Thanh Duong <olivier@lethanh.be>
Michael Storm <mstorm7@gmail.com>
Sergey Markelov
Laurent Laporte <tantale.solutions@gmail.com>
Deborah Kaplan <deborahgu@users.noreply.github.com>
Willem van der Walt <wvdwalt@csir.co.za>
Peter <82152909+repeterat@users.noreply.github.com>
u8slvn <u8slvn@gmail.com>
tugot17 <piotr635@gmail.com>
张悦 <zhangyue@xtzx.com>
Morphus <mr.morphus@gmail.com>
Kian-Meng, Ang <kianmeng@cpan.org>
Jared Wong <jaredlwong@gmail.com>
Michael Timblin <mjtimblin@gmail.com>
Hsiu-Ming Chang <cges30901@gmail.com>
Bono Lv <lvscar@gmail.com>
Tom Ritchford <tom@swirly.com>
Juan Pablo Delgado <judelgadoc@unal.edu.co>
Tom Kuson <mail@tjkuson.me>
Samuel Clay <samuel@ofbrooklyn.com>
plu5 <plu5@users.noreply.github.com>
Youssif Shaaban Alsager <contact@yshalsager.com>

